Year,Link,Title,Authors,Attachment
2023,https://indico.jlab.org/event/459/contributions/11472/,Distributed Machine Learning with PanDA and iDDS in LHC ATLAS,"De Kaushik, Guan Wen, Karavakis Edward, Klimentov Alexei, Lin Fa-Hui, Maeno Tadashi, Megino Fernando Harald Barreiro, Nilsson Paul, Weber Christian, Wenaus Torre, Yang Zhaoyu, Zhang Rui, Zhao Xin, ",https://indico.jlab.org/event/459/contributions/11472/attachments/9422/13778/dml_idds_20230405%20-%20annotated%20draft%202.pptx
2023,https://indico.jlab.org/event/459/contributions/11453/,Machine learning for ambiguity resolution in ACTS,"Allaire Corentin, Grasland Hadrien, Rousseau David, Bouvet Françoise, ",https://indico.jlab.org/event/459/contributions/11453/attachments/9329/13530/Machine-learning-for-Ambiguity-Resolution-in-Acts.pdf
2023,https://indico.jlab.org/event/459/contributions/11722/,MLHad: Simulating Hadronization with Machine Learning,"Ilten Philip, Menzo Tony, Mrenna Steve, Szewc Manuel, Wilkinson Michael, Youssef Ahmed, Zupan Jure, ",https://indico.jlab.org/event/459/contributions/11722/attachments/9274/13448/MLhad%20-%20CHEP%202023.pdf
2023,https://indico.jlab.org/event/459/contributions/11715/,SYMBA: Symbolic Computation of Squared Amplitudes in High Energy Physics with Machine Learning,"Alnuqaydan Abdulhakim, Gleyzer Sergei, Prosper Harrison, ",https://indico.jlab.org/event/459/contributions/11715/attachments/9448/13700/SYMBA_CHEP23.pdf
2023,https://indico.jlab.org/event/459/contributions/11633/,Progress on cloud native solution of Machine Learning as Service for HEP,"Giommi Luca, Spiga Daniele, Kuznetsov Valentin, Bonacorsi Daniele, ",https://indico.jlab.org/event/459/contributions/11633/attachments/9263/13435/MLaaS4HEP.pdf
2023,https://indico.jlab.org/event/459/contributions/11752/,Resilient Variational Autencoder for Unsupervised Anomaly Detection at the SLAC Linac Cohrerent Light Source,"Humble Ryan, Colocho William, Darve Eric, Ratner Daniel, ",https://indico.jlab.org/event/459/contributions/11752/attachments/9432/13678/CHEP%20Resilient%20VAE%205-8-22.pdf
2023,https://indico.jlab.org/event/459/contributions/11744/,Machine Learning for Etch-Pit Identification at MoEDAL,"Hays Jonathan, Millward Lewis, Upadhyay Aman, Palodhi Kanik, ",https://indico.jlab.org/event/459/contributions/11744/attachments/9392/13622/MoEDAL_ML_CHEP_2023.pdf
2023,https://indico.jlab.org/event/459/contributions/11724/,Deep Learning for Amplitude Analysis in Spectroscopy,"Phelps William, Salgado Carlos, Quiroga Andru, Kolling Nathan, ",https://indico.jlab.org/event/459/contributions/11724/attachments/9419/13661/chep_pypwa_2023_phelps_v0.pdf
2023,https://indico.jlab.org/event/459/contributions/11798/,Development of particle flow algorithms based on Neural Network techniques for the IDEA calorimeter at future colliders,"DOnofrio Adelina, Di Micco Biagio, ",https://indico.jlab.org/event/459/contributions/11798/attachments/9413/13654/CHEP2023_ADOnofrio.pdf
2023,https://indico.jlab.org/event/459/contributions/11692/,Machine Learning for Columnar High Energy Physics Analysis,"Kauffman Elliott, Held Alexander, Shadura Oksana, ",https://indico.jlab.org/event/459/contributions/11692/attachments/9446/13696/ekauffma_chep2023_pdfversion.pdf
2023,https://indico.jlab.org/event/459/contributions/11723/,Machine learning based compression for scientific data,"Ekman Alexander, Gallén Axel, Ekman Alexander, Jawahar Pratik, Doglioni Caterina, ",https://indico.jlab.org/event/459/contributions/11723/attachments/9295/13647/Baler_v2.pdf
2023,https://indico.jlab.org/event/459/contributions/11670/,ML_INFN project: status report and future perspectives,"Anderlini Lucio, Boccali Tommaso, Dal Pra Stefano, Spiga Daniele, Duma Doina Cristina, Giommi Luca, ",https://indico.jlab.org/event/459/contributions/11670/attachments/9262/13434/The%20ML_INFN%20Initiative.pdf
2023,https://indico.jlab.org/event/459/contributions/11728/,Pion/Kaon Identification at STCF DTOF Based on Classical/Quantum Convolutional Neural Network,"Yao Zhipeng, Li Teng, HUANG Xingtao, ",https://indico.jlab.org/event/459/contributions/11728/attachments/9452/13841/QCNN-v2.pdf
2023,https://indico.jlab.org/event/459/contributions/11734/,Particle identification with machine learning in ALICE Run 3,"Kabus Maja, Jakubowska Monika, Deja Kamil, Graczykowski Łukasz, Kasak Miłosz, ",https://indico.jlab.org/event/459/contributions/11734/attachments/9290/13481/Kabus%20CHEP%20May%202023.pdf
2023,https://indico.jlab.org/event/459/contributions/11718/,Flashsim: a ML based simulation for analysis datatiers,"Vaselli Francesco, Rizzi Andrea, ",https://indico.jlab.org/event/459/contributions/11718/attachments/9544/13848/flashsim_chep.pdf
2023,https://indico.jlab.org/event/459/contributions/11762/,FastCaloGAN: a fast simulation of the ATLAS Calorimeter with GANs,"Giannelli Michele Faucci, Young Christopher, Bandieramonte Marilena, Zhang Rui, Beirer Joshua Falco, DUEHRSSEN-DEBLING Michael, DAY-HAL Henry Ann, Salamani Dalila, Sorenson Josef, Corchia Federico, Lari Tommaso, ",https://indico.jlab.org/event/459/contributions/11762/attachments/9520/13842/FastCaloGANV2%20for%20Run3.pptx
2023,https://indico.jlab.org/event/459/contributions/11387/,Online tagging and triggering with deep learning AI for next generation particle imaging detector,"Bhattacharya Meghna, Kirby Michael, ",https://indico.jlab.org/event/459/contributions/11387/attachments/9524/13813/CHEP_2023.pdf
2023,https://indico.jlab.org/event/459/contributions/12491/,Radically different futures for HEP enabled by AI/ML,"Cranmer Kyle, ",https://indico.jlab.org/event/459/contributions/12491/attachments/9561/13874/CHEP-2023.pdf
2023,https://indico.jlab.org/event/459/contributions/12492/,AI and Beyond: New Techniques for Simulation and Design in HEP,"Pedro Kevin, ",https://indico.jlab.org/event/459/contributions/12492/attachments/9428/13857/AI%20and%20beyond.pdf
2023,https://indico.jlab.org/event/459/contributions/11591/,Unbiased detection of data departures from expectations with machine learning,"Grosso Gaia, Letizia Marco, Zanetti Marco, Wulzer Andrea, ",https://indico.jlab.org/event/459/contributions/11591/attachments/9546/13850/chep23.pdf
2023,https://indico.jlab.org/event/459/contributions/11561/,Data driven background estimation in HEP using Generative Adversarial Networks,"Lohezic Victor, Sahin Özgür, Couderc Fabrice, Malclès Julie, ",https://indico.jlab.org/event/459/contributions/11561/attachments/9506/13781/VLohezic_DataDrivenBackgroundGAN.pdf
2023,https://indico.jlab.org/event/459/contributions/11416/,Machine Learning Tools for the CMS Tracker Data Quality Monitoring and Certification,"CMS Collaboration, Benelli Gabriele, ",https://indico.jlab.org/event/459/contributions/11416/attachments/9584/13910/CMS_TRKDQMML_CHEP23_GBenelli_v2.pdf
2023,https://indico.jlab.org/event/459/contributions/11374/,AI Driven Experiment Calibration and Control,"Britton Thomas, Lawrence David, Jeske Torri, McSpadden Diana, Jarvis Naomi, ",https://indico.jlab.org/event/459/contributions/11374/attachments/9497/13764/AIEC_CHEP_2023.pdf
2023,https://indico.jlab.org/event/459/contributions/11588/,Deep Learning for Matrix Element Method,"Roy Avik, Neubauer Mark, ",https://indico.jlab.org/event/459/contributions/11588/attachments/9583/13909/Deep%20Learning%20for%20the%20Matrix%20Element%20Method.pdf
2023,https://indico.jlab.org/event/459/contributions/11733/,Graph Neural Network for 3D Reconstruction in Liquid Argon Time Projection Chambers,"Hewes V, Cerati Giuseppe, Kowalkowski Jim, Aurisano Adam, Liao Wei-Keng, Lee Claire, Day Alexandra, Gumpula Kaushal, Koloskov Nikita, Koretsky Samantha, Zhang Haley, Yufei Xiao, Grzenda Daniel, Agrawal Ankit, Gray Lindsey, Klijnsma Thomas, Calafiura Paolo, Murnane Daniel, Choma Nick, Conlon Sean, Farrell Steven, Ju Xiangyang, Xu Yaoyuan, Spiropulu Maria, Vlimant Jean-Roch, ",https://indico.jlab.org/event/459/contributions/11733/attachments/9550/13855/2023-05-09%20CHEP%20talk.pdf
2023,https://indico.jlab.org/event/459/contributions/11721/,BESIII track reconstruction algorithm based on machine learning,"Jia Xiaoqian, Qin Xiaoshuai, Li Teng, HUANG Xingtao, Zhang Xueyao, Zhang Yao, Yuan Ye, ",https://indico.jlab.org/event/459/contributions/11721/attachments/9408/14067/chep2023.pdf
2023,https://indico.jlab.org/event/459/contributions/11714/,Advances in developing deep neural networks for finding primary vertices in proton-proton collisions at the LHC,"Sokoloff Michael, Akar Simon, Boettcher Thomas, Elashri Mohamed, Garg Rocky, Kauffman Elliott, Peters Michael, Sokoloff Michael, Tepe William, ",https://indico.jlab.org/event/459/contributions/11714/attachments/9420/13920/Sokoloff_Garg_CHEP-2023.pdf
2023,https://indico.jlab.org/event/459/contributions/11694/,FAIR principles for Digital Objects in High Energy Physics: A Case Study with Universal FeynRules Output (UFO) Models,"Roy Avik, Wang Zijun, Neubauer Mark, ",https://indico.jlab.org/event/459/contributions/11694/attachments/9577/13898/2023-05-09_FAIR4UFO-CHEP23.pdf
2023,https://indico.jlab.org/event/459/contributions/11382/,Triggerless data acquisition pipeline for Machine Learning based statistical anomaly detection,"Grosso Gaia, Lai Nicolò, Migliorini Matteo, Pazzini Jacopo, Triossi Andrea, Zanetti Marco, Zucchetta Alberto, ",https://indico.jlab.org/event/459/contributions/11382/attachments/9444/13693/CHEP2023_triggerlessDaqNPLM.pdf
2023,https://indico.jlab.org/event/459/contributions/11739/,Uncertainty Aware Machine Learning Models for Particle Physics Applications,"Rajput Kishansingh, McSpadden Diana, Schram Malachi, Somayaji Karthik, Blokland Willem, Zhao Zhiwen, Li Peng, ",https://indico.jlab.org/event/459/contributions/11739/attachments/9521/14253/Kishan_CHEP23_UQ.pdf
2023,https://indico.jlab.org/event/459/contributions/11737/,Exploring Interpretability of Deep Neural Networks in Top Tagging,"Khot Ayush, Neubauer Mark, Roy Avik, ",https://indico.jlab.org/event/459/contributions/11737/attachments/9578/13899/2023-05-09_XAI4TopTagger-CHEP23.pdf
2023,https://indico.jlab.org/event/459/contributions/11596/,"RootInteractive tool for multidimensional statistical analysis, machine learning and analytical model validation","Ivanov Marian, Ivanov Marián, ","https://indico.jlab.org/event/459/contributions/11596/attachments/9573/13892/ATO-618%20RootInteractive%20tool%20for%20multidimensional%20statistical%20analysis,%20machine%20learning%20and%20analytical%20model%20validation.%20(2).pdf"
2023,https://indico.jlab.org/event/459/contributions/11697/,AI4EIC Hackathon: PID with the EPIC dRICH,"Suresh Karthik, Fanelli Cristiano, Suresh Karthik, Bressan Andrea, Deconinck Wouter, Diefenthaler Markus, Joosten Sylvester, Li Wenliang, Tu Zhoudunming, Osborn Joe, ",https://indico.jlab.org/event/459/contributions/11697/attachments/9649/14058/CHEP2023_AI4EIC_May9.pdf
2023,https://indico.jlab.org/event/459/contributions/11730/,Using a Neural Network to Approximate the Negative Log Likelihood Distribution,"Liu Shenghua, Jamieson Nathan, Lannon Kevin, Mohrman Kelci, Negash Sirak, Wan Yuyi, ",https://indico.jlab.org/event/459/contributions/11730/attachments/9549/13853/DNN_Likelihood_CHEP.pdf
2023,https://indico.jlab.org/event/459/contributions/11732/,A method for inferring signal strength modifiers by conditional invertible neural networks,"Farkas Máté Zoltán, Diekmann Svenja, Eich Niclas, Erdmann Martin, ",https://indico.jlab.org/event/459/contributions/11732/attachments/9619/13993/cINN_farkas_CHEP23.pdf
2023,https://indico.jlab.org/event/459/contributions/11754/,JetNet library for machine learning in high energy physics,"Kansal Raghav, Duarte Javier, Pareja Carlos, ",https://indico.jlab.org/event/459/contributions/11754/attachments/9719/14231/JetNet_CHEP.pdf
2023,https://indico.jlab.org/event/459/contributions/11720/,Artificial Intelligence and Machine Learning for EPIC: an Overview,"Fanelli Cristiano, Bressan Andrea, Diefenthaler Markus, Joosten Sylvester, Tu Zhoudunming, Osborn Joe, Li Wenliang, ",https://indico.jlab.org/event/459/contributions/11720/attachments/9721/14198/CHEP_2023_CF_ePIC.pdf
2023,https://indico.jlab.org/event/459/contributions/11746/,New developments of TMVA/SOFIE: Code Generation and Fast Inference for Graph Neural Networks,"Moneta Lorenzo, Mahamat Hamdan Ahamat, Sengupta Sanjibang, ",https://indico.jlab.org/event/459/contributions/11746/attachments/9716/14215/TMVA_SOFIE_%20CHEP23.pdf
2023,https://indico.jlab.org/event/459/contributions/11528/,"From prototypes to large scale detectors: how to exploit the Gaussino simulation framework for detectors studies, with a detour into machine learning","Mazurek Michał, Corti Gloria, Clemencic Marco, Morris Adam, ",https://indico.jlab.org/event/459/contributions/11528/attachments/9698/14150/CHEP_2023__From_prototypes_to_large_scale_detectors_v2.pdf
2023,https://indico.jlab.org/event/459/contributions/11619/,Results from Large-scale HPC deployment of Scalable CyberInfrastructure for Artificial Intelligence and Likelihood Free Inference (SCAILFIN),"Hildreth Michael, Hurtado Anampa Kenyi, ",https://indico.jlab.org/event/459/contributions/11619/attachments/9728/14219/SCAILFIN_CHEP_2023.pdf
2023,https://indico.jlab.org/event/459/contributions/11760/,FAIR AI Models in High Energy Physics,"Diaz Daniel, Duarte Javier, Huerta Eliu, Katz Daniel S., Kindratenko Volodymyr, Neubauer Mark, Roy Avik, zhu ruike, Li Haoyang, Mokhtar Farouk, Kansal Raghav, ",https://indico.jlab.org/event/459/contributions/11760/attachments/9724/14202/CHEP_FAIR4HEP_05112023.pdf
2023,https://indico.jlab.org/event/459/contributions/11740/,Symbolic Regression on FPGAs for Fast Machine Learning Inference,"Loncar Vladimir, Tsoi Ho Fung, Pol Adrian Alan, Cranmer Miles, Dasu Sridhara, Elmer Peter, Govorkova Ekaterina, Harris Philip, Ojalvo Isobel, Pierini Maurizio, ",https://indico.jlab.org/event/459/contributions/11740/attachments/9705/14164/hls4sr_chep.pdf
2023,https://indico.jlab.org/event/459/contributions/11819/,High-Throughput Machine Learning Inference with NVIDIA TensorRT,"Sclocco Alessio, Ali Suvayu, van den Oord Gijs, Cámpora Pérez Daniel, de Vries Jacco, Aaij Roel, van Veghel Maarten, ",https://indico.jlab.org/event/459/contributions/11819/attachments/9684/14125/chep2023_lhcb_gpu_tensorrt_inference_mvanveghel_v3.pdf
2023,https://indico.jlab.org/event/459/contributions/11755/,Machine Learning for Real-Time Processing of ATLAS Liquid Argon Calorimeter Signals with FPGAs,"ATLAS LAr Speaker Committee ATLAS LAr Speaker Committee, Voigt Johann, ",https://indico.jlab.org/event/459/contributions/11755/attachments/9588/13918/2023_05_11_ML_ATLAS_LAr_Johann_Voigt.pdf
2023,https://indico.jlab.org/event/459/contributions/11738/,Applications of Lipschitz neural networks to the Run 3 LHCb trigger system,"Delaney Blaise, ",https://indico.jlab.org/event/459/contributions/11738/attachments/9635/14031/Delaney_LipMonLHCb_CHEP23.pdf
2023,https://indico.jlab.org/event/459/contributions/11751/,The Deployment of Realtime ML in Changing Environments,"Barbone Marco, Brown Christopher, Radburn-Smith Benjamin, Summer Sioni, Tapper Alexander, ",https://indico.jlab.org/event/459/contributions/11751/attachments/9710/14172/CBrown_ContinualLearning_CHEP_1105.pdf
2023,https://indico.jlab.org/event/459/contributions/11736/,Fast and Accurate Calorimeter Simulation with Diffusion Models,"Amram Oz, Pedro Kevin, ",https://indico.jlab.org/event/459/contributions/11736/attachments/9599/14176/CHEP23_CaloDiffusion.pdf
2023,https://indico.jlab.org/event/459/contributions/11756/,Improved Clustering in the Belle II Electromagnetic Calorimeter with Graph Neural Networks,"Haide Isabel, Wemmer Florian, Eppelt Jonas, Ferber Torben, ",https://indico.jlab.org/event/459/contributions/11756/attachments/9700/14154/IsabelHaide_CHEP_Talk_110523.pdf
2023,https://indico.jlab.org/event/459/contributions/11837/,Improving Noisy Hybrid Quantum Graph Neural Networks for Particle Decay Tree Reconstruction,"Strobl Melvin, Kuehn Eileen, Fischer Max, Streit Achim, ",https://indico.jlab.org/event/459/contributions/11837/attachments/9417/13658/chep23-ms.pdf
2023,https://indico.jlab.org/event/459/contributions/11725/,Refining fast simulation using machine learning,"Bein Samuel, Connor Patrick, Pedro Kevin, Schleper Peter, Wolf Moritz, ",https://indico.jlab.org/event/459/contributions/11725/attachments/9653/14070/20230511chep_MoritzWolf_Refinement_v2.pdf
2023,https://indico.jlab.org/event/459/contributions/11831/,Symmetry Invariant Quantum Machine Learning models for classification problems in Particle Physics,"Heredge Jamie, Creevey Floyd, Hollenberg Lloyd, Sevior Martin, ",https://indico.jlab.org/event/459/contributions/11831/attachments/9662/14084/Symmetery_Invariant_CHEP_Jamie_Heredge.pdf
2023,https://indico.jlab.org/event/459/contributions/11772/,A multi-purpose reconstruction method based on machine learning for atmospheric neutrinos at JUNO,"Duyang Hongyue, Li Teng, ",
2023,https://indico.jlab.org/event/459/contributions/11767/,Anomaly Detection in the LZ Dark Matter Experiment using Variational Autoencoders,"Anderson Tyler, ",https://indico.jlab.org/event/459/contributions/11767/attachments/9390/14006/TylerAnderson_CHEP2023_Poster.pdf
2023,https://indico.jlab.org/event/459/contributions/11778/,Application of Machine Learning to Particle Identification at the BESIII experiment,"Chen Zhengyuan, Sun Shengsen, Liu Huainmin, Li Gang, Ji Xiaobin, Zhao Guang, Huang XingTao, Liu Fang, Chen Tong, Li XiaoLing, Li Teng, Wen Shuopin, Liu Chunxiu, Fang Wenxing, Wang LiangLiang, ",https://indico.jlab.org/event/459/contributions/11778/attachments/9242/13410/CHEP2023%20Poster.pdf
2023,https://indico.jlab.org/event/459/contributions/11866/,Application of ML in GEP Update,"JIANG Zhixing, ZUO Bowen, NARAYAN Rohin, TAMARI Maayan, BARAK  Liron, CHEN Boping, CARLSON Benjamin, EASTLACK Jeff, HAUCK Scott, HSU ShihChieh, ",https://indico.jlab.org/event/459/contributions/11866/attachments/9196/13355/ResearchPoster.pdf
2023,https://indico.jlab.org/event/459/contributions/11769/,Batch Generator for training Machine Learning models from ROOT datasets,"Niewenhuis Dante, Moneta Lorenzo, ",https://indico.jlab.org/event/459/contributions/11769/attachments/9671/14108/CHEP23-poster-RBG.pdf
2023,https://indico.jlab.org/event/459/contributions/11796/,Bridging Gaps between Simulations and Experiments with Generative Adversarial Networks,"Huang Jin, Huang Yi, Lin Meifeng, Ren Yihui, Rinn Timothy, Torbunov Dmitrii, Viren Brett, Yu Haiwang, ",
2023,https://indico.jlab.org/event/459/contributions/11787/,De-Noising CLAS12 Drift Chambers using Convolutional Auto Encoders,"Gavalian Gagik, Thomadakis Polykarpos, Angelopoulos Angelos, ",
2023,https://indico.jlab.org/event/459/contributions/11771/,Deep Learning approaches for LHCb ECAL reconstruction,"Ratnikov Fedor, Boldyrev Alexey, Derkach Denis, Shevelev Andrey, ",https://indico.jlab.org/event/459/contributions/11771/attachments/9342/13544/ECAL_CHEP_2023.pdf
2023,https://indico.jlab.org/event/459/contributions/11770/,Deep Learning to improve Experimental Sensitivity and Generative Models for Monte Carlo simulations for searching for New Physics in LHC experiments,"Gonzalez De La Hoz Santiago, Salt Cairols José Francisco, Gómez Adrián Jon Ander, Gonzalez De La Hoz Santiago, Balanzá García Raúl, Lozano Bahilo José Julio, García Rodríguez Azael, Villaplana Pérez Miguel, Ruiz de Austri Bazán Roberto, ",https://indico.jlab.org/event/459/contributions/11770/attachments/9186/13343/ML_poster_CHEP2023_Contr_36.pdf
2023,https://indico.jlab.org/event/459/contributions/11791/,DeepTreeGAN: Fast Generation of High Dimensional Point Clouds,"Scham Moritz, Krücker Dirk, ",https://indico.jlab.org/event/459/contributions/11791/attachments/9526/13816/poster.pdf
2023,https://indico.jlab.org/event/459/contributions/11656/,Deploying a machine learning model catalog at CERN,"Da Costa Cardoso Renato Paulo, VALLECORSA SOFIA, Peulen Bob, Pelov Lyudmil, Hosler Allen, Rocha Ricardo, ",https://indico.jlab.org/event/459/contributions/11656/attachments/9657/14074/Deploying%20a%20machine%20learning%20model%20catalog%20at%20CERN.pdf
2023,https://indico.jlab.org/event/459/contributions/11792/,Differentiable Programming: Neural Networks and Selection Cuts Working Together,"Watts Gordon, ",https://indico.jlab.org/event/459/contributions/11792/attachments/9302/13498/2023%20-%20Differentible%20Programming%20Poster.pdf
2023,https://indico.jlab.org/event/459/contributions/11780/,End-to-end deep learning inference with CMSSW via ONNX using Docker,"Chudasama Ruchi, ",https://indico.jlab.org/event/459/contributions/11780/attachments/9532/13823/Ruchi-CHEP_poster.pdf
2023,https://indico.jlab.org/event/459/contributions/11775/,Fast muon simulation in the JUNO experiment with neural networks,"Fang Wenxing, Li Weidong, Lin Tao, ",https://indico.jlab.org/event/459/contributions/11775/attachments/9487/13752/poster_84x119.pdf
2023,https://indico.jlab.org/event/459/contributions/11761/,Graph Neural Network based Track Finding in the Central Drift Chamber at Belle II,"Reuter Lea, Dorwarth Philipp, Stefkova Slavomira, Ferber Torben, ",https://indico.jlab.org/event/459/contributions/11761/attachments/9441/13689/GNN_based_TrackFinding_Belle2_LReuter.pdf
2023,https://indico.jlab.org/event/459/contributions/11764/,High level reconstruction for e+e- Higgs factories with Machine Learning,"Suehara Taikan, Goto Kiichi, Onoe Tomoki, Tsumura Shusaku, Nakashima Yuta, Takemura Noriko, Nagahara Hajime, ",
2023,https://indico.jlab.org/event/459/contributions/11790/,Machine Learning for New Physics in $B \rightarrow K^{*} \ell^{+} \ell^{-}$ Decays,"Dubey Shawn, ",https://indico.jlab.org/event/459/contributions/11790/attachments/9737/14265/ml_for_np_in_btokstarmumu_CHEP2023.pdf
2023,https://indico.jlab.org/event/459/contributions/11600/,ML-based Tuning of RNTuple I/O Parameters,"Niewenhuis Dante, Lazzari Miotto Giovanna, Lopez-Gomez Javier, Blomer Jakob, ",https://indico.jlab.org/event/459/contributions/11600/attachments/9626/14010/CHEP23-DanteNiewenhuis-Parameters.pdf
2023,https://indico.jlab.org/event/459/contributions/11766/,Muon/Pion Identification at BESIII Based on Machine Learning Algorithm,"Zhai Yuncong, Li Teng, HUANG Xingtao, ",https://indico.jlab.org/event/459/contributions/11766/attachments/9287/13476/Muon_Pion%20Identification%20Based%20on%20Machine%20Learning%20Algorithm%20at%20BESIII.pdf
2023,https://indico.jlab.org/event/459/contributions/11785/,Neural Networks for reweighting of Monte Carlo Events,"Roy Avik, Neubauer Mark, Sinha Abhinaya, ",https://indico.jlab.org/event/459/contributions/11785/attachments/9579/13901/2023-CHEP-NeuralReweighting-Poster-A0.pdf
2023,https://indico.jlab.org/event/459/contributions/11797/,Non-Invasive HVCM Capacitance Predictions using Uncertainty-Aware Convolutional Neural Networks,"Goldenberg Steven, Rajput Kishansingh, Britton Thomas, Schram Malachi, Radaideh Majdi I, Pappas Chris, Lu Dan, Walden Jared, Cousineau Sarah, ",https://indico.jlab.org/event/459/contributions/11797/attachments/9480/13742/CHEP2023-Poster-sgolden.pdf
2023,https://indico.jlab.org/event/459/contributions/11847/,Optimizing AI-based HEP algorithms using HPC and Quantum Computing,"Girone Maria, Wulff Eric, Southwick David, Cuba Eduard, Amboage Juan Pablo Garcia, ",https://indico.jlab.org/event/459/contributions/11847/attachments/9508/13784/CHEP2023___RAISE_Poster_FINAL.pdf
2023,https://indico.jlab.org/event/459/contributions/11768/,Suppressing Beam Background and Fake Photons at Belle II using Machine Learning,"Cheema Priyanka, Cheaib Racha, Amirie Kyle, Yabsley Bruce, Hsu Chia-Ling, Longo Savino, de Nardo Guglielmo, de Pietro Giacomo, Ferber Torben, Hearty Christopher, Kojima Kazuki, Meier Frank, Robertson Steven, Shillington Trevor, Urquijo Phillip, Wakeling Hannah, ",https://indico.jlab.org/event/459/contributions/11768/attachments/9620/13994/poster_chep2023.pdf
2023,https://indico.jlab.org/event/459/contributions/11855/,Towards high-performance AI4NP applications on modern GPU platforms,"Mei Xinxin, Brei Nathan, Lawrence David, ",https://indico.jlab.org/event/459/contributions/11855/attachments/9415/13656/GPU4ML4NP.pdf
2023,https://indico.jlab.org/event/459/contributions/11781/,Track Identification with ML for CLAS12,"Gavalian Gagik, ",
2023,https://indico.jlab.org/event/459/contributions/11351/,Using ML clustering tools to improve data transfer management operations,"Clissa Luca, Morganti Lucia, Rinaldi Lorenzo, ",https://indico.jlab.org/event/459/contributions/11351/attachments/9194/13353/posterCHEP23_clustering_FINAL.pdf
2023,https://indico.jlab.org/event/459/contributions/11873/,Vertex reconstruction with Graph Neural Network in JSNS2,"Yoo Changhyun, Goh Junghwan, ",
2023,https://indico.jlab.org/event/459/contributions/11859/,What Machine Learning Can Do for a Focusing Aerogel Detectors,"Shipilov Foma, Barnyakov Alexander, Kononov Sergey, Ratnikov Fedor, ",https://indico.jlab.org/event/459/contributions/11859/attachments/9338/13540/FARICH_CHEP_2023.pdf
2021,https://indico.cern.ch/event/948465/contributions/4323573/,Towards a realistic track reconstruction algorithm based on graph neural networks for the HL-LHC,"Catherine Biscarat, Sylvain Caillou, Charline Rougier, Jan Stark, Jad Zahreddine, ",https://indico.cern.ch/event/948465/contributions/4323573/attachments/2245618/3808571/vCHEP_CR_GNN.pdf
2021,https://indico.cern.ch/event/948465/contributions/4323895/,C++ Code Generation for Fast Inference of Deep Learning Models in ROOT/TMVA,"Sitong An, Lorenzo Moneta, ",https://indico.cern.ch/event/948465/contributions/4323895/attachments/2245352/3808673/TMVA%20CHEP%202021-4.pdf
2021,https://indico.cern.ch/event/948465/contributions/4323812/,Deep learning based low-dose synchrotron radiation CT reconstruction,"Ling Li, Yu Hu, ",https://indico.cern.ch/event/948465/contributions/4323812/attachments/2245604/3808187/Deep%20learning%20based%20low-dose%20synchrotron%20radiation%20CT%20reconstruction.pdf
2021,https://indico.cern.ch/event/948465/contributions/4324149/,Event Classification with Multi-step Machine Learning,"Masahiko Saito, Tomoe Kishimoto, Yuya Kaneta, Taichi Itoh, Yoshiaki Umeda, Junichi Tanaka, Yutaro Iiyama, Ryu Sawada, Koji Terashi, ",https://indico.cern.ch/event/948465/contributions/4324149/attachments/2239874/3807890/20210517_vCHEP2021.talk.pdf
2021,https://indico.cern.ch/event/948465/contributions/4324194/,A Deep Learning approach to LHCb Calorimeter reconstruction using a Cellular Automaton,"Nuria Valls Canudas, Xavier Vilasis Cardona, Miriam Calvo Gomez, Elisabet Golobardes Ribe, ",https://indico.cern.ch/event/948465/contributions/4324194/attachments/2245127/3807360/DLCaloReco_vCHEP21_v2.pdf
2021,https://indico.cern.ch/event/948465/contributions/4324135/,Fast simulation of the electromagnetic calorimeter response using Self-Attention Generative Adversarial Networks,"Alexander Rogachev, Fedor Ratnikov, ",https://indico.cern.ch/event/948465/contributions/4324135/attachments/2244885/3806860/Fast%20simulation%20of%20the%20electromagnetic%20calorimeter%20response%20using%20Self-Attention%20Generative%20Adversarial%20Networks%20vCHEP2021.pdf
2021,https://indico.cern.ch/event/948465/contributions/4324145/,Graph Variational Autoencoder for Detector Reconstruction and Fast Simulation in High-Energy Physics,"Ali Hariri, Sitong An, John Blue, Davide Di Croce, Darya Dyachkova, Sergei Gleyzer, Michelle Kuchera, Harrison Prosper, Emanuele Usai, ",https://indico.cern.ch/event/948465/contributions/4324145/attachments/2245778/3809843/Graph%20Variational%20Autoencoder%20for%20Detector%20Reconstruction%20and%20Fast%20Simulation%20in%20High-Energy%20Physics.pdf
2021,https://indico.cern.ch/event/948465/contributions/4324195/,Particle identification with an electromagnetic calorimeter using a Convolutional Neural Network,"Alex Rua Herrera, Míriam Calvo Gómez, Xavier Vilasís-Cardona, ",https://indico.cern.ch/event/948465/contributions/4324195/attachments/2245279/3807637/vCHEP2021%20-%20Particle%20identification%20with%20an%20electromagnetic%20calorimeter%20using%20a%20Convolutional%20Neural%20Network.pdf
2021,https://indico.cern.ch/event/948465/contributions/4324151/,Conditional Wasserstein Generative Adversarial Networks for Fast Detector Simulation,"John Blue, Sitong An, Davide Di Croce, Darya Dyachkova, Sergei Gleyzer, Ali Hariri, Braden Kronheim, Michelle Kuchera, Harrison Prosper, Ramanujan Raghuram, Emanuele Usai, ",https://indico.cern.ch/event/948465/contributions/4324151/attachments/2244961/3810283/CHEPPresentation.pdf
2021,https://indico.cern.ch/event/948465/contributions/4323710/,Deep Learning strategies for ProtoDUNE raw data denoising,"Marco Rossi, Sofia Vallecorsa, ",https://indico.cern.ch/event/948465/contributions/4323710/attachments/2246106/3809198/pDUNEreco.pdf
2021,https://indico.cern.ch/event/948465/contributions/4323748/,Artificial Neural Networks on FPGAs for Real-Time Energy Reconstruction of the ATLAS LAr Calorimeters,"Arno Straessner, Georges Aad, Anne-Sophie Berthold, Thomas Calvet, Nemer Chiedde, Etienne Marie Fortin, Nick Fritzsche, Rainer Hentges, Lauri Antti Olavi Laatu, Emmanuel Monnier, Johann Christoph Voigt, ",https://indico.cern.ch/event/948465/contributions/4323748/attachments/2242307/3808908/calvet_LAr-ANN_210518.pdf
2021,https://indico.cern.ch/event/948465/contributions/4324142/,Pixel Detector Background Generation using Generative Adversarial Networks at Belle II,"Hosein Hashemi, Nikolai  Hartmann, Thomas  Kuhr, Martin  Ritter, Matej  Srebre, ",https://indico.cern.ch/event/948465/contributions/4324142/attachments/2246693/3810451/vCHEP_PXDGAN.pdf
2021,https://indico.cern.ch/event/948465/contributions/4324138/,Machine learning for surface prediction in ACTS,"Benjamin Huth, Andreas Salzburger, Tilo Wettig, ",https://indico.cern.ch/event/948465/contributions/4324138/attachments/2246108/3809201/vchep_ml_navigator.pdf
2021,https://indico.cern.ch/event/948465/contributions/4324148/,Deep neural network techniques in the calibration of space-charge distortion fluctuations for the ALICE TPC,"Sergey Gorbunov, Ernst Hellbar, Gian Michele Innocenti, Marian Ivanov, Maja Jadwiga Kabus, Matthias Kleiner, Haris Riaz, David Rohr, Rifki Sadikin, Kai Schweda, Daiki Sekihata, Ruben Shahoyan, Benedikt Volkel, Jens Wiechula, Chiara Zampolli, Harald Appelshaeuser, Henner Buesching, Lukasz Kamil Graczykowski, Jan Fiete Grosse-Oetringhaus, Peter Hristov, Taku Gunji, Silvia Masciocchi, ",https://indico.cern.ch/event/948465/contributions/4324148/attachments/2245252/3807582/20210519_DNNforSCfluctuationCalibrationALICETPC.pdf
2021,https://indico.cern.ch/event/948465/contributions/4324141/,Accelerating End-to-End Deep Learning for Particle Reconstruction using CMS open data,"Michael Andrews, Bjorn Burkle, Shravan Sunil Chaudhari, Davide Di Croce, Sergei Gleyzer, Ulrich Heintz, Meenakshi Narain, Manfred Paulini, Emanuele Usai, ",https://indico.cern.ch/event/948465/contributions/4324141/attachments/2246679/3830746/AcceleratingDeepLearningReconstruction.pdf
2021,https://indico.cern.ch/event/948465/contributions/4323891/,Development of FPGA-based neural network regression models for the ATLAS Phase-II barrel muon trigger upgrade,"Rustem Ospanov, Changqing Feng, Shining Yang, Wenhao Feng, Wenhao Dong, ",https://indico.cern.ch/event/948465/contributions/4323891/attachments/2246950/3811327/rospanov_rpc_trigger_study.pdf
2021,https://indico.cern.ch/event/948465/contributions/4324192/,Progress in developing a hybrid deep learning algorithm for identifying and locating primary vertices,"Michael  Sokoloff, Simon Akar, Gowtham Atluri, Thomas Boettcher, Michael Peters, Henry Schreiner, Marian Stahl, William Tepe, Constantin  Weisser, Mike Williams, ",https://indico.cern.ch/event/948465/contributions/4324192/attachments/2246664/3810377/vCHEP_PV-FINDER_20210519.pdf
2021,https://indico.cern.ch/event/948465/contributions/4324137/,Graph Neural Network for Object Reconstruction in Liquid Argon Time Projection Chambers,"Jeremy Edmund Hewes, Adam Aurisano, Giuseppe Cerati, Jim Kowalkowski, Claire Lee, Wei-keng Liao, Alexandra Day, Ankit Agrawal, Maria Spiropulu, Jean-Roch Vlimant, Lindsey Gray, Thomas Klijnsma, Paolo Calafiura, Sean Conlon, Steven Farrell, Xiangyang Ju, Daniel Thomas Murnane, ",https://indico.cern.ch/event/948465/contributions/4324137/attachments/2247223/3811573/2021-05-19%20vCHEP%20slides.pdf
2021,https://indico.cern.ch/event/948465/contributions/4324146/,Event vertex reconstruction with deep neural networks for the DarkSide-20k experiment,"Victor Goicoechea Casanueva, Alexander  Kish, Jelena Maricic, ",https://indico.cern.ch/event/948465/contributions/4324146/attachments/2245883/3808757/CHEP2021.pdf
2021,https://indico.cern.ch/event/948465/contributions/4324191/,AI Enabled Data Quality Monitoring with Hydra,"Thomas Britton, David Lawrence, Kishansingh Rajput, ",https://indico.cern.ch/event/948465/contributions/4324191/attachments/2246345/3812326/Britton_vCHEP_2021.pdf
2021,https://indico.cern.ch/event/948465/contributions/4324172/,Dual-Parameterized Quantum Circuit GAN Model in High Energy Physics,"Su Yeon Chang, Steven Herbert, Sofia Vallecorsa, Elías F.  Combarro, Ross Duncan, ",https://indico.cern.ch/event/948465/contributions/4324172/attachments/2247399/3813137/Dual_PQC_GAN.pdf
2021,https://indico.cern.ch/event/948465/contributions/4324175/,Embedding of particle tracking data using hybrid quantum classical neural networks,"Carla Sophie Rieger, Cenk Tuysuz, Kristiane Novotny, Sofia Vallecorsa, Bilge Demirkoz, Karolos Potamianos, Daniel Dobos, Jean-Roch Vlimant, ",https://indico.cern.ch/event/948465/contributions/4324175/attachments/2247008/3812092/Embedding%20of%20particle%20tracking%20data%20using%20hybrid%20quantum%20classical%20neural%20networks.pdf
2021,https://indico.cern.ch/event/948465/contributions/4323970/,Training and Serving ML workloads with Kubeflow at CERN,"Dejan Golubovic, Ricardo Rocha, ",https://indico.cern.ch/event/948465/contributions/4323970/attachments/2247058/3811214/2021-05-20-Kubeflow-vCHEP.pdf
2021,https://indico.cern.ch/event/948465/contributions/4323969/,Accelerating GAN training using highly parallel hardware on public cloud,"Renato Paulo Da Costa Cardoso, Dejan Golubovic, Ignacio Peluaga Lozada, Ricardo Brito Da Rocha, Sofia Vallecorsa, João Fernandes, ",https://indico.cern.ch/event/948465/contributions/4323969/attachments/2248042/3813123/Accelerating%20GAN%20training%20using%20highly%20parallel%20hardware%20on%20public%20cloud.pdf
2021,https://indico.cern.ch/event/948465/contributions/4324136/,Multi-particle reconstruction in the High Granularity Calorimeter using object condensation and graph neural networks,"Shah Rukh Qasim, Kenneth Long, Jan Kieseler, Maurizio Pierini, Raheel Nawaz, ",https://indico.cern.ch/event/948465/contributions/4324136/attachments/2247085/3813130/vChep.pdf
2021,https://indico.cern.ch/event/948465/contributions/4323971/,Exploring the self-service model to visualize the results of the ATLAS Machine Learning analysis jobs in BigPanDA with Openshift OKD3,"Ioan-Mihail Stan, Siarhei Padolski, Chris Lee, ",https://indico.cern.ch/event/948465/contributions/4323971/attachments/2240928/3809664/ATL-SOFT-SLIDE-2021-121.pdf
2021,https://indico.cern.ch/event/948465/contributions/4323753/,Physics and Computing Performance of the Exa.TrkX TrackML Pipeline,"Paolo Calafiura, Xiangyang Ju, Daniel Thomas Murnane, Nicholas Choma, Sean Conlon, Steven Farrell, Yaoyuan Xu, Maria Spiropulu, Jean-Roch Vlimant, Adam Aurisano, Jeremy Edmund Hewes, Giuseppe Cerati, Lindsey Gray, Thomas Klijnsma, Jim Kowalkowski, Markus Julian Atkinson, Mark Neubauer, Gage DeZoort, Savannah Jennifer Thais, Aditi Chauhan, Alexander Joseph Schuy, Shih-Chieh Hsu, Alex Ballow, Alina Lazar, ",https://indico.cern.ch/event/948465/contributions/4323753/attachments/2246789/3810686/Physics%20and%20Computing%20Performance%20of%20the%20ExaTrkX%20TrackML%20Pipeline.pdf
2019,https://indico.cern.ch/event/773049/contributions/3474765/,A Graph Neural Network Approach for Neutrino Signal Reconstruction from LarTPC Raw Data,"Federico Carminati, Sofia Vallecorsa, Maksim Artemev, ",https://indico.cern.ch/event/773049/contributions/3474765/attachments/1937737/3211868/GraphNNDune.pdf
2019,https://indico.cern.ch/event/773049/contributions/3473787/,Machine Learning-based Anomaly Detection of Ganglia Monitoring data in HEP Data Center,"juan chen, Juan Chen, juan chen, Lu Wang, Qingbao Hu, ",https://indico.cern.ch/event/773049/contributions/3473787/attachments/1937489/3211311/chep2019_chenjuan.pdf
2019,https://indico.cern.ch/event/773049/contributions/3473797/,Anomaly detection using Unsupervised Machine Learning for Grid computing site operation,"Tomoe Kishimoto, Junichi Tanaka, Tetsuro Mashimo, Ryu Sawada, Koji Terashi, Michiru Kaneda, Masahiko Saito, Nagataka Matsui, ",https://indico.cern.ch/event/773049/contributions/3473797/attachments/1937447/3211190/Tomoe_CHEP2019.pdf
2019,https://indico.cern.ch/event/773049/contributions/3474811/,Large-scale HPC deployment of Scalable CyberInfrastructure for Artificial Intelligence and Likelihood Free Inference (SCAILFIN),"Mike Hildreth, Kenyi Paolo Hurtado Anampa, Cody Kankel, Scott Hampton, Paul Brenner, Irena Johnson, Tibor Simko, ",https://indico.cern.ch/event/773049/contributions/3474811/attachments/1937545/3211429/CHEP_2019_Hildreth.pdf
2019,https://indico.cern.ch/event/773049/contributions/3476171/,Machine Learning with ROOT/TMVA,"Lorenzo Moneta, Kim Albertsson, Sitong An, Stefan Wunsch, Sergei Gleyzer, Omar Andres Zapata Mesa, ",https://indico.cern.ch/event/773049/contributions/3476171/attachments/1936050/3208338/CHEP_2019__Machine_Learning_with_ROOT_TMVA.pdf
2019,https://indico.cern.ch/event/773049/contributions/3476172/,"Evolution of web-based analysis for Machine Learning and LHC Experiments: power of integrating storage, interactivity and collaboration with JupyterLab in SWAN","Diogo Castro, Jakub Moscicki, Enrico Bocchi, Enric Tejedor Saavedra, Danilo Piparo, Pere Mato Vila, Prasanth Kothuri, Piotr Mrowczynski, ",https://indico.cern.ch/event/773049/contributions/3476172/attachments/1937733/3211862/SWAN-CHEP2019.pdf
2019,https://indico.cern.ch/event/773049/contributions/3474759/,A deep neural network method for analyzing the CMS High Granularity Calorimeter (HGCAL) events,"Gilles Grasseau, Abhinav Kumar, Andrea Sartirana, Artur Lobanov, Florian Beaudette, Pierre Ouannes, ",https://indico.cern.ch/event/773049/contributions/3474759/attachments/1935965/3211524/CHEP-19-HGCAL2D-v2.pdf
2019,https://indico.cern.ch/event/773049/contributions/3476191/,The F.A.S.T. toolset: Using YAML to make tables out of trees,"Benjamin Krikler, Lukasz Kreczko, Olivier Davignon, Jacob Thomas Linacre, ",https://indico.cern.ch/event/773049/contributions/3476191/attachments/1937639/3211616/191104__The_FAST-HEP_toolkit__CHEP19-1.pdf
2019,https://indico.cern.ch/event/773049/contributions/3474830/,Deep Learning for HEP on HPC at NERSC,"Wahid Bhimji, Steven Farrell, Mustafa Mustafa, ",https://indico.cern.ch/event/773049/contributions/3474830/attachments/1935970/3211748/CHEP2019-NERSC-DL.pdf
2019,https://indico.cern.ch/event/773049/contributions/3474855/,Delivering a machine learning course on HPC resources,"Federica Legger, Stefano Bagnasco, Stefano Lusso, Gabriele Gaetano Fronze', Sara Vallero, ",https://indico.cern.ch/event/773049/contributions/3474855/attachments/1937729/3211817/CHEP19_-_ML_course.pdf
2019,https://indico.cern.ch/event/773049/contributions/3474762/,Particle shower simulation in high granularity calorimeters using 3 dimensional convolutional Generative Adversarial Networks,"Federico Carminati, Gul Rukh Khattak, Sofia Vallecorsa, ",https://indico.cern.ch/event/773049/contributions/3474762/attachments/1937793/3211928/GANsimulation_T2_draft0.pdf
2019,https://indico.cern.ch/event/773049/contributions/3474741/,Generative Adversarial Networks for LHCb Fast Simulation,"Denis Derkach, Fedor Ratnikov, ",https://indico.cern.ch/event/773049/contributions/3474741/attachments/1937484/3216167/GAN_FastsimLHCb_CHEP_191104_v2.pdf
2019,https://indico.cern.ch/event/773049/contributions/3474723/,Generation of Belle II pixel detector background data with a GAN,"Matej Srebre, Pascal Schmolz, Martin Ritter, Thomas Kuhr, Hosein Hashemi, ",https://indico.cern.ch/event/773049/contributions/3474723/attachments/1937473/3211247/BelleII_GAN.pdf
2019,https://indico.cern.ch/event/773049/contributions/3474823/,3D Generative Adversarial Networks inference implementation on FPGAs,"Chao Jiang, Herman Lam, Dave Ojika, Federico Carminati, Gul Rukh Khattak, Sofia Vallecorsa, Francisco Perez, Shawn Slocker, ",https://indico.cern.ch/event/773049/contributions/3474823/attachments/1937746/3213602/3DGAN_FPGA_T9.pdf
2019,https://indico.cern.ch/event/773049/contributions/3474731/,FPGA-accelerated machine learning inference as a service for particle physics computing,"Nhan Viet Tran, Kevin Pedro, ",https://indico.cern.ch/event/773049/contributions/3474731/attachments/1937540/3211866/sonic_CHEP2019.pdf
2019,https://indico.cern.ch/event/773049/contributions/3474407/,Smart caching at CMS: applying AI to XCache edge services,"CMS Collaboration, ",https://indico.cern.ch/event/773049/contributions/3474407/attachments/1938665/3213635/CHEP2019-cache-spiga.pdf
2019,https://indico.cern.ch/event/773049/contributions/3474831/,The Tracking Machine Learning Challenge,"David Rousseau, Jean-Roch Vlimant, Vincenzo Innocente, Andreas Salzburger, Isabelle Guyon, Sabrina Amrouche, Tobias Golling, Moritz Kiehn, Yetkin Yilmaz, Paolo Calafiura, Steven Farrell, Heather Gray, Vladimir Gligorov, Laurent Basara, Victor Estrade, Cecile Germain, Edward Moyse, Mikhail Hushchyn, Andrey Ustyuzhanin, ",https://indico.cern.ch/event/773049/contributions/3474831/attachments/1938609/3213492/vlimant_CHEP19_TrackML_Nov19.pdf
2019,https://indico.cern.ch/event/773049/contributions/3474783/,End-to-end Deep Learning Fast Simulation Framework,"Ioana Ifrim, Witold Pokorski, Anna Zaborowska, ",https://indico.cern.ch/event/773049/contributions/3474783/attachments/1936866/3210088/End_to_End_Deep_Learning_FastSim_Framework_Poster_Ioana_Ifrim.pdf
2019,https://indico.cern.ch/event/773049/contributions/3473855/,Erratic server behavior detection using machine learning on streams of monitoring data,"Martin Adam, Luca Magnoni, Dagmar Adamova, Martin Pilát, ",https://indico.cern.ch/event/773049/contributions/3473855/attachments/1936223/3208679/poster.pdf
2019,https://indico.cern.ch/event/773049/contributions/3474784/,Generative Adversarial Network for Background Generation in the KLM subsystem at Belle II,"Leo Piilonen, ",
2019,https://indico.cern.ch/event/773049/contributions/3476052/,Machine Learning Pipelines for HEP Using Big Data Tools Applied to Improving Event Filtering,"Marco Zanetti, Matteo Migliorini, Luca Canali, ",
2019,https://indico.cern.ch/event/773049/contributions/3474771/,Using ML to Speed Up New and Upgrade Detector Studies,"Fedor Ratnikov, Denis Derkach, Alexey Boldyrev, ",https://indico.cern.ch/event/773049/contributions/3474771/attachments/1937486/3211299/ML_Upgrade_Poster.pdf
2019,https://indico.cern.ch/event/773049/contributions/3476055/,Utilizing Machine Learning In BSM Physics Searches At The LHC,"Adam Leinweber, Riley Patrick, Martin John White, ",https://indico.cern.ch/event/773049/contributions/3476055/attachments/1936870/3211995/CHEP_Presentation.pdf
2019,https://indico.cern.ch/event/773049/contributions/3476058/,ML Track Fitting in Nuclear Physics,"David Lawrence, Gagik Gavalian, Thomas Britton, ",https://indico.cern.ch/event/773049/contributions/3476058/attachments/1936797/3209877/CHEP_2019_AI_tracking.pdf
2019,https://indico.cern.ch/event/773049/contributions/3473257/,Assessing Software Defect Prediction on WLCG Software: a Study with Unlabelled Datasets and Machine Learning Techniques,"Elisabetta Ronchieri, Marco Canaparo, Davide Salomoni, Barbara Martelli, ",https://indico.cern.ch/event/773049/contributions/3473257/attachments/1934414/3213580/chep19-assessing-sw-v6.pdf
2019,https://indico.cern.ch/event/773049/contributions/3474410/,Data migration strategy based on file heat prediction with deep learning methods,"Shiyuan Fu, Zhenjing Cheng, Lu Wang, Yaodong Cheng, Gang CHEN, Qingbao Hu, Haibo li, Shiyuan Fu, Shiyuan Fu, ",https://indico.cern.ch/event/773049/contributions/3474410/attachments/1937885/3213776/Data_Migration_Strategy_for_High_Energy_Physics_Storage_Systems.pdf
2019,https://indico.cern.ch/event/773049/contributions/3476071/,Identification of new long-lived particle states using deep neural networks,"Matthias Komm, ",https://indico.cern.ch/event/773049/contributions/3476071/attachments/1937725/3211803/pres.pdf
2019,https://indico.cern.ch/event/773049/contributions/3473827/,Abstracting container technologies and transfer mechanisms in the Scalable CyberInfrastructure for Artificial Intelligence and Likelihood Free Inference (SCAILFIN) project,"Mike Hildreth, Kenyi Paolo Hurtado Anampa, Tibor Simko, Paul Brenner, Scott Hampton, Cody Kankel, Irena Johnson, ",https://indico.cern.ch/event/773049/contributions/3473827/attachments/1938702/3213719/SCAILFIN_CHEP2019.pdf
2019,https://indico.cern.ch/event/773049/contributions/3476144/,Physics Inspired Deep Neural Networks for Top Quark Reconstruction,"Kevin Greif, Kevin Patrick Lannon, ",https://indico.cern.ch/event/773049/contributions/3476144/attachments/1937548/3211432/kgreif_lnn_final.pdf
2019,https://indico.cern.ch/event/773049/contributions/3474329/,Track reconstruction with PANDA at FAIR,"Michael Papenbrock, Walter Ikegami Andersson, Jenny Regina, ",https://indico.cern.ch/event/773049/contributions/3474329/attachments/1931588/3208900/Track_Reconstruction_at_PANDA.pdf
2019,https://indico.cern.ch/event/773049/contributions/3476046/,Machine learning for QCD theory and data analysis,"nobuo sato, Nobuo Sato, nobuo sato, Wally Melnitchouk, ",https://indico.cern.ch/event/773049/contributions/3476046/attachments/1938604/3213472/slides.pdf
2019,https://indico.cern.ch/event/773049/contributions/3581371/,HPC+AI: Accelerating scientific computing for the Exascale era,"Jeff Adie, ",https://indico.cern.ch/event/773049/contributions/3581371/attachments/1939863/3215975/CHEP2019_JA.pdf
2019,https://indico.cern.ch/event/773049/contributions/3476179/,Constraining effective field theories with machine learning,"Johann Brehmer, Kyle Stuart Cranmer, Gilles Louppe, Juan Guillermo Pavez Sepulveda, Alexander Held, ",https://indico.cern.ch/event/773049/contributions/3476179/attachments/1939681/3215626/20191107_Constraining_EFTs_with_ML.pdf
2019,https://indico.cern.ch/event/773049/contributions/3474748/,Mikado approach for the TrackML Particle Tracking Challenge,"Sergey Gorbunov, ",https://indico.cern.ch/event/773049/contributions/3474748/attachments/1939687/3215639/Gorbunov-CHEP2019-MikadoTracker.pdf
2019,https://indico.cern.ch/event/773049/contributions/3474319/,"Highly Performant, Deep Neural Networks with sub-microsecond latency on FPGAs for Trigger Applications","Christian Schmitt, Christian Kahra, ",https://indico.cern.ch/event/773049/contributions/3474319/attachments/1939652/3215560/2019_11_07_CHEP.pdf
2019,https://indico.cern.ch/event/773049/contributions/3476165/,CERN analysis preservation and reuse framework: FAIR research data services for LHC experiments,"Anna Trzcinska, Artemis Lavasa, Diego Rodriguez Rodriguez, Jan Okraska, Pamfilos Fokianos, Rokas Maciulaitis, Sebastian Stefan Feger, Stephanie Van De Sandt, Tibor Simko, ",https://indico.cern.ch/event/773049/contributions/3476165/attachments/1939908/3216047/CAP-CHEP2019.pdf
2019,https://indico.cern.ch/event/773049/contributions/3474297/,hls4ml: deploying deep learning on FPGAs for L1 trigger and Data Acquisition,"Nhan Viet Tran, Vladimir Loncar, ",https://indico.cern.ch/event/773049/contributions/3474297/attachments/1940546/3217477/hls4ml_-_CHEP2019.pdf
2019,https://indico.cern.ch/event/773049/contributions/3474321/,Mass storage interface LTSM for FAIR Phase 0 data acquisition,"Joern Adamczewski-Musch, Thomas Stibor, ",https://indico.cern.ch/event/773049/contributions/3474321/attachments/1932928/3202052/LTSM_AdamczewskiMusch2.pdf
2019,https://indico.cern.ch/event/773049/contributions/3474728/,BESIII drift chamber tracking with machine learning,"Yao Zhang, Ye Yuan, Qiumei Ma, ",https://indico.cern.ch/event/773049/contributions/3474728/attachments/1936045/3208331/CHEP2019_MDC_MT_tracking.pdf
2019,https://indico.cern.ch/event/773049/contributions/3476168/,Fast Inference for Machine Learning in ROOT/TMVA,"Kim Albertsson, Lorenzo Moneta, Sitong An, Stefan Wunsch, ",https://indico.cern.ch/event/773049/contributions/3476168/attachments/1937600/3211545/TMVA_Fast_Inference_Poster.pdf
2019,https://indico.cern.ch/event/773049/contributions/3473319/,Knowledge sharing on deep learning in physics research using VISPA,"Alexander Temme, Benjamin Fischer, Dennis Noll, Katharina Hafner, Manfred Peter Fackeldey, Marcel Rieger, Martin Erdmann, Martin Urban, Max Beer, Max Vieweg, Niclas Eich, Yannik Alexander Rath, ",https://indico.cern.ch/event/773049/contributions/3473319/attachments/1937589/3211520/VISPA_CHEP_POSTER.pdf
2019,https://indico.cern.ch/event/773049/contributions/3476064/,The use of Convolutional Neural Networks for signal-background classification in Particle Physics experiments,"Venkitesh Ayyar, Wahid Bhimji, Prabhat, Spencer Klein, Sally Robertson, Nick Choma, Tomasz Palczewski, Zahra Ronaghi, Lisa Gerhardt, ",https://indico.cern.ch/event/773049/contributions/3476064/attachments/1933634/3203558/ML_CHEP_poster.pdf
2019,https://indico.cern.ch/event/773049/contributions/3581349/,"Track 4 Highlights – Data Organisation, Management and Access","Tigran Mkrtchyan, Tigran Mkrtchyan, Tigran Mkrtchyan, ",https://indico.cern.ch/event/773049/contributions/3581349/attachments/1941289/3218916/T4-Highlights.pdf
2018,https://indico.cern.ch/event/587955/contributions/2938082/,ALFA: ALICE-FAIR new message queuing based framework,"Mohammad Al-Turany, Alexey Rybalchenko, Dennis Klein, Thorsten Kollegger, Andrey Lebedev, Anar Manafov, Radoslaw Karabowicz, Florian Uhlig, Dmytro Kresan, ",https://indico.cern.ch/event/587955/contributions/2938082/attachments/1673468/2705157/ALFA_CHEP_2018.pptx
2018,https://indico.cern.ch/event/587955/contributions/2937512/,Partnering with industry for machine learning at HL-LHC,"Maria Girone, ",https://indico.cern.ch/event/587955/contributions/2937512/attachments/1683065/2705991/CHEP18_Girone.pdf
2018,https://indico.cern.ch/event/587955/contributions/2937501/,New Machine Learning Developments in ROOT/TMVA,"Lorenzo Moneta, Omar Andres Zapata Mesa, Sergei Gleyzer, Vladimir Ilievski, Kim Albertsson, Stefan Wunsch, Saurav Shekhar, Akshay Vashistha, Marc Huwiler, ",https://indico.cern.ch/event/587955/contributions/2937501/attachments/1678682/2705216/tmva-chep2018.pdf
2018,https://indico.cern.ch/event/587955/contributions/2937595/,A Machine Learning tool for fast simulation,"Federico Carminati, Gul Rukh Khattak, Sofia Vallecorsa, ",https://indico.cern.ch/event/587955/contributions/2937595/attachments/1683315/2705533/GANsimulation_Vallecorsa.pdf
2018,https://indico.cern.ch/event/587955/contributions/2937538/,Study of Neural Network Size Requirements for Approximating Functions Relevant to HEP,"Kevin Patrick Lannon, Jessica Stietzel, ",https://indico.cern.ch/event/587955/contributions/2937538/attachments/1679311/2705153/CHEP_pres.pdf
2018,https://indico.cern.ch/event/587955/contributions/2937523/,Anomaly detection using Deep Autoencoders for the assessment of the quality of the data acquired by the CMS experiment,"Gianluca Cerminara, Giovanni Franzoni, Federico De Guio, Adrian Alan Pol, Filip Siroky, Virginia Azzolini, Maurizio Pierini, Jean-Roch Vlimant, ",https://indico.cern.ch/event/587955/contributions/2937523/attachments/1683227/2705308/chep-offline.pdf
2018,https://indico.cern.ch/event/587955/contributions/2937517/,"Online detector monitoring using AI: challenges, prototypes and performance evaluation for automation of online quality monitoring of the CMS experiment exploiting machine learning algorithms.","Adrian Alan Pol, Maurizio Pierini, Gianluca Cerminara, Cecile Germain, Giovanni Franzoni, Filip Siroky, ",https://indico.cern.ch/event/587955/contributions/2937517/attachments/1683228/2705309/chep-online.pdf
2018,https://indico.cern.ch/event/587955/contributions/2937506/,ATLAS Analytics and Machine Learning Platforms,"Ilija Vukotic, Federica Legger, Dario Barberis, James Catmore, ",https://indico.cern.ch/event/587955/contributions/2937506/attachments/1677456/2693631/ATLAS_Analytics_and_Machine_Learning_Platforms_1.pdf
2018,https://indico.cern.ch/event/587955/contributions/3012266/,Successes and trends in applying machine learning to HEP problems,"David Rousseau, ",https://indico.cern.ch/event/587955/contributions/3012266/attachments/1683944/2706920/tr1807_davidRousseau_CHEP2018_HEPML_final.pdf
2018,https://indico.cern.ch/event/587955/contributions/2937509/,Next generation generative neural networks for HEP,"Deborah BARD, Steven Andrew Farrell, Wahid Bhimji, Mustafa Mustafa, Zarija Lukic, ",https://indico.cern.ch/event/587955/contributions/2937509/attachments/1683970/2741752/CHEP2018_HEPGANs_Farrell.pdf
2018,https://indico.cern.ch/event/587955/contributions/2937529/,Synthesizing Machine Learning algorithms on FPGA,"Javier Mauricio Duarte, Song Han, Philip Coleman Harris, Edward Kreinar, Ben Kreis, Jennifer Ngadiuba, Maurizio Pierini, Nhan Viet Tran, Zhenbin Wu, ",https://indico.cern.ch/event/587955/contributions/2937529/attachments/1683932/2706842/HLS4ML_CHEP2018_Ngadiuba.pdf
2018,https://indico.cern.ch/event/587955/contributions/2937564/,Machine learning at the Cosmic Frontier,"Christopher Tunnell, ",https://indico.cern.ch/event/587955/contributions/2937564/attachments/1684208/2707652/tunnell_ml_cf.pdf
2018,https://indico.cern.ch/event/587955/contributions/2937518/,A High-Precision Tracking Algorithm for Mass Reconstruction of Heavy-Ion Fragments in the R3B Experiment at FAIR,"Dmytro Kresan, Bastian Löher, Michael Heil, ",https://indico.cern.ch/event/587955/contributions/2937518/attachments/1678227/2695233/Kresan_CHEP2018.pdf
2018,https://indico.cern.ch/event/587955/contributions/2937543/,Deep Learning applied to the Cherenkov Telescope Array data analysis,"Mikael Jacquemont, Thomas Vuillaume, Alexandre Benoit, Gilles Maurin, Patrick Lambert, Giovanni Lamanna, ",https://indico.cern.ch/event/587955/contributions/2937543/attachments/1679301/2706971/GammaLearn_CHEP2018_Vuillaume.pdf
2018,https://indico.cern.ch/event/587955/contributions/2937566/,Machine Learning Techniques in the CMS Higgs to Di-muons Search,"Dimitri Bourilkov, ",https://indico.cern.ch/event/587955/contributions/2937566/attachments/1679292/2705013/db180710.pdf
2018,https://indico.cern.ch/event/587955/contributions/2937515/,Using Generative Adversarial Networks for fast simulations in the ALICE Experiment,"Tomasz Piotr Trzcinski, Lukasz Kamil Graczykowski, Kamil Rafal Deja, ",https://indico.cern.ch/event/587955/contributions/2937515/attachments/1683183/2707645/CHEP18.pdf
2018,https://indico.cern.ch/event/587955/contributions/2937502/,The use of adversaries for optimal neural network configuration,"Anton Hawthorne-Gonzalvez, Martin Sevior, ",https://indico.cern.ch/event/587955/contributions/2937502/attachments/1682305/2707036/Sevior_CHEP_2018_Adversaries.pdf
2018,https://indico.cern.ch/event/587955/contributions/2937940/,Detection of erratic behavior in load balanced clusters of servers using a machine learning based method,"Martin Adam, Luca Magnoni, Dagmar Adamova, Martin Pilát, ",https://indico.cern.ch/event/587955/contributions/2937940/attachments/1683185/2707532/Adam-CHEP2018-Final.pdf
2018,https://indico.cern.ch/event/587955/contributions/2937535/,Application of a Convolutional Neural Network for image classification to the analysis of collisions in High Energy Physics,"Celia Fernandez Madrazo, Ignacio Heredia Cacha, Lara Lloret Iglesias, Jesus Marco de Lucas, ",https://indico.cern.ch/event/587955/contributions/2937535/attachments/1677167/2693046/CHEP_2018_-_Ignacio_Heredia.pdf
2018,https://indico.cern.ch/event/587955/contributions/2936245/,EOSC-hub AAI: A federated authentication and authorisation infrastructure for international scientific collaboration at scale,"David Groep, Nicolas Liampotis, Paul Millar, Mischa Sallé, Hannah Short, ",https://indico.cern.ch/event/587955/contributions/2936245/attachments/1679324/2697322/EOSC-hub_AAI_-_CHEP_2018_v1.pptx
2018,https://indico.cern.ch/event/587955/contributions/2937568/,"Application of Deep Learning on Integrating Prediction, Provenance, and Optimization","Malachi Schram, Malachi Schram, Nathan Tallent, Ryan Friese, Alok Singh, ",https://indico.cern.ch/event/587955/contributions/2937568/attachments/1682099/2702777/ApplicationOfDeepLearningOnIntegratingPredictionProvenanceAndOptimization-DRAFT.pdf
2018,https://indico.cern.ch/event/587955/contributions/2937424/,"CMS Workflow Failures Recovery Panel, Towards AI-assisted Operation","Daniel Robert Abercrombie, Allison Reinsvold Hall, Paola Katherine Rozo Bernal, Jean-Roch Vlimant, Thong Nguyen, Christian Contreras Campana, Matteo Cremonesi, ",https://indico.cern.ch/event/587955/contributions/2937424/attachments/1687589/2714264/christian_contreras_chep_2018_poster.pdf
2018,https://indico.cern.ch/event/587955/contributions/2937578/,Machine Learning based global particle identification algorithms at the LHCb experiment,"Donal Hill, Martino Borsato, Mikhail Hushchyn, ",https://indico.cern.ch/event/587955/contributions/2937578/attachments/1678660/2747543/PID_v6.pdf
2018,https://indico.cern.ch/event/587955/contributions/2937570/,Particle track building with Recurrent Neural Networks,"Paolo Calafiura, Jean-Roch Vlimant, Dustin James Anderson, Josh Bendavid, Maria Spiropulu, Prabhat, Mayur  Mudigonda, Stephan  Zheng, Giuseppe Cerati, Lindsey Gray, James Kowalkowski, Panagiotis Spentzouris, Aristeidis Tsaris, Steven Andrew Farrell, ",https://indico.cern.ch/event/587955/contributions/2937570/attachments/1682237/2703034/CHEP2018_HEPTrkX_poster.pdf
2018,https://indico.cern.ch/event/587955/contributions/2937567/,Using Machine Learning for Precision Measurements,"Dimitri Bourilkov, ",https://indico.cern.ch/event/587955/contributions/2937567/attachments/1680180/2699071/db180709.pdf
2018,https://indico.cern.ch/event/587955/contributions/2937519/,End-to-end Deep Learning Applications for Event Classification at CMS,"Michael Andrews, Manfred Paulini, Sergei Gleyzer, ",https://indico.cern.ch/event/587955/contributions/2937519/attachments/1682924/2708378/CHEP_2018JUL09_v4.pdf
2018,https://indico.cern.ch/event/587955/contributions/2937532/,Machine learning techniques for jet flavour identification at CMS,"Mauro Verzetti, ",https://indico.cern.ch/event/587955/contributions/2937532/attachments/1679074/2708269/CHEP_2018.pdf
2018,https://indico.cern.ch/event/587955/contributions/2937503/,Application of machine learning techniques at BESIII experiment,"Beijiang Liu, ",https://indico.cern.ch/event/587955/contributions/2937503/attachments/1678297/2704637/MLatBESIII_chep2018.pdf
2018,https://indico.cern.ch/event/587955/contributions/2937539/,Scaling studies for deep learning in LArTPC event classification,"Jan Fridolf Strube, Malachi Schram, Eric Church, Jeff Daily, Charles Siegel, ",https://indico.cern.ch/event/587955/contributions/2937539/attachments/1684636/2710021/CHEP2018_presentation.pdf
2018,https://indico.cern.ch/event/587955/contributions/2937540/,"The HEP.TrkX project. Approaching Charged Particle Tracking at the HL-LHC with Deep Learning, for Online and Offline Processing","Dustin James Anderson, Jean-Roch Vlimant, Paolo Calafiura, Giuseppe Cerati, Steven Andrew Farrell, Lindsey Gray, James Kowalkowski, Panagiotis Spentzouris, Maria Spiropulu, Aristeidis Tsaris, Mayur  Mudigonda, Prabhat, Stephan  Zheng, ",https://indico.cern.ch/event/587955/contributions/2937540/attachments/1685043/2710034/vlimant_CHEP-HtrkX_Jul18.pdf
2018,https://indico.cern.ch/event/587955/contributions/2937545/,THE PARTICLE TRACK RECONSTRUCTION BASED ON DEEP LEARNING NEURAL NETWORKS,"Dmitriy Baranov, Gennady Ososkov, Sergey Mitsyn, Pavel Goncharov, ",https://indico.cern.ch/event/587955/contributions/2937545/attachments/1678351/2705212/G_Ososkov_CHEP-2018_9_july2018.pptx
2018,https://indico.cern.ch/event/587955/contributions/2937544/,Machine learning approaches in tracks pattern recognition for the SHiP Spectrometer Tracker,"Mikhail Hushchyn, Andrey Ustyuzhanin, Eric Van Herwijnen, ",https://indico.cern.ch/event/587955/contributions/2937544/attachments/1678658/2709924/SHiP_PatRec.pdf
2018,https://indico.cern.ch/event/587955/contributions/2937548/,Track Seed Filtering using Convolutional Neural Network at the CMS High Level Trigger,"Adriano Di Florio, ",https://indico.cern.ch/event/587955/contributions/2937548/attachments/1680925/2710661/CNNFiletering_CHEP2018_DiFlorio.pdf
2018,https://indico.cern.ch/event/587955/contributions/2937510/,trackML :  the Kaggle HEP tracking challenge,"David Rousseau, Yetkin Yilmaz, Jean-Roch Vlimant, Isabelle Guyon, Vincenzo Innocente, Andreas Salzburger, Sabrina Amrouche, Tobias Golling, Moritz Kiehn, Paolo Calafiura, Steven Andrew Farrell, Heather Gray, Vladimir Gligorov, Cecile Germain, Mikhail Hushchyn, Andrey Ustyuzhanin, ",https://indico.cern.ch/event/587955/contributions/2937510/attachments/1683248/2705359/20180712-msmk-trackml-v3.pdf
2018,https://indico.cern.ch/event/587955/contributions/3012312/,Summary T6 - Machine learning and physics analysis,"Sergei Gleyzer, ",https://indico.cern.ch/event/587955/contributions/3012312/attachments/1686198/2711740/CHEP_Track6_Summary_Sergei_Gleyzer.pdf
2016,https://indico.cern.ch/event/505613/contributions/2228337/,Tracking Machine Learning Challenge,"David Rousseau, Andreas Salzburger, Cecile Germain, Davide Costanzo, Isabelle Guyon, Jean-Roch Vlimant, Markus Elsing, Michael Aaron Kagan, Paolo Calafiura, Rebecca Carney, Riccardo Cenci, Steven Andrew Farrell, Tobias Golling, Tony Tong, Vincenzo Innocente, ",https://indico.cern.ch/event/505613/contributions/2228337/attachments/1348526/2039031/Highlights_237_TrackML.pdf
2016,https://indico.cern.ch/event/505613/contributions/2228359/,Neutrino Identification With A Convolutional Neural Network in the NOvA Detectors,"Adam Aurisano, Alexander Himmel, Alexander Radovic, Dominick Rocco, Evan Niner, Fernanda Psihas, ",https://indico.cern.ch/event/505613/contributions/2228359/attachments/1347716/2039478/20161010PsihasCVNtalkCHEP_16-9.pdf
2016,https://indico.cern.ch/event/505613/contributions/2228344/,New Machine Learning Developments in ROOT,"Lorenzo Moneta, Sergei Gleyzer, Omar Andres Zapata Mesa, ",https://indico.cern.ch/event/505613/contributions/2228344/attachments/1347106/2041546/oral-CHEP16-SergeiVGleyzer.pdf
2016,https://indico.cern.ch/event/505613/contributions/2228321/,A Comparison of Deep Learning Architectures with GPU Acceleration and Their Applications,"Jin Huang, Jin Huang, Daicui Zhou, Jianlin Zhu, ",
2016,https://indico.cern.ch/event/505613/contributions/2227234/,Reconstruction of Micropattern Detector Signals using Convolutional Neural Networks,"Lucie Flekova, Andreas Christian Dudder, Matthias Schott, ",https://indico.cern.ch/event/505613/contributions/2227234/attachments/1347570/2041446/Oral_v3_004.pdf
2016,https://indico.cern.ch/event/505613/contributions/2227269/,Online computing architecture for the CBM experiment at FAIR,"Volker Lindenstruth, ",https://indico.cern.ch/event/505613/contributions/2227269/attachments/1347343/2032976/Highlights-v0-267.pdf
2016,https://indico.cern.ch/event/505613/contributions/2230741/,"Experience of Google’s latest Deep Learning library, TensorFlow,  with Docker in a WLCG cluster","Gen Kawamura, Arnulf Quadt, Gerhard Ferdinand Rzehorz, Joshua Wyatt Smith, ",https://indico.cern.ch/event/505613/contributions/2230741/attachments/1347713/2032939/CHEP2016-TensorFlow_v0.3.pdf
2016,https://indico.cern.ch/event/505613/contributions/2228347/,Machine Learning with TensorFlow as an alternative to TMVA,"Martin Sevior, Aidan Dang, Anton Hawthorne, ",https://indico.cern.ch/event/505613/contributions/2228347/attachments/1346866/2045101/Oral_413_v3.pdf
2016,https://indico.cern.ch/event/505613/contributions/2227924/,Using machine learning algorithms to forecast network and system load metrics for ATLAS Distributed Computing,"Mario Lassnig, ",https://indico.cern.ch/event/505613/contributions/2227924/attachments/1346952/2031483/Highlights-131.pdf
2016,https://indico.cern.ch/event/505613/contributions/2230735/,Expanding the user base beyond HEP for the Ganga distributed analysis user interface,"Robert Andrew Currie, Ulrik Egede, Alexander John Richards, Mark Slater, Matt Williams, ",https://indico.cern.ch/event/505613/contributions/2230735/attachments/1346752/2030989/Highlights-492.pdf
2016,https://indico.cern.ch/event/505613/contributions/2230861/,Machine learning and parallelism in the reconstruction of LHCb and its upgrade,"Lucia Grillo, ",https://indico.cern.ch/event/505613/contributions/2230861/attachments/1347027/2031573/Highlights-567.pdf
2016,https://indico.cern.ch/event/505613/contributions/2246632/,Representing Misalignments of the STAR Geometry Model using AgML,"Dmitri Smirnov, Gene Van Buren, Jason Webb, Jerome LAURET, Victor Perevoztchikov, ",https://indico.cern.ch/event/505613/contributions/2246632/attachments/1347661/2032828/Highlights-287-misalignment.pdf
2016,https://indico.cern.ch/event/505613/contributions/2314622/,Machine Learning in Science and Beyond,,https://indico.cern.ch/event/505613/contributions/2314622/attachments/1355624/2048598/CHEPSanFrancisco2016Baldi.pdf
